ID,Hex,RGB,%
5,#d8e2ea,"(216, 226, 234)",13.13%
16,#c6d6e2,"(198, 214, 226)",9.65%
15,#eaeeef,"(234, 238, 239)",9.49%
6,#8d903b,"(141, 144, 59)",6.37%
21,#a1a348,"(161, 163, 72)",5.73%
12,#afc5d6,"(175, 197, 214)",4.53%
3,#787d33,"(120, 125, 51)",4.38%
8,#222a38,"(34, 42, 56)",4.20%
4,#0e1013,"(14, 16, 19)",4.05%
22,#1a1e24,"(26, 30, 36)",3.33%
23,#99b1cd,"(153, 177, 205)",3.25%
11,#bbb359,"(187, 179, 89)",3.04%
9,#b28468,"(178, 132, 104)",2.90%
18,#b5a38a,"(181, 163, 138)",2.87%
24,#574f31,"(87, 79, 49)",2.69%
17,#3d423e,"(61, 66, 62)",2.63%
14,#656735,"(101, 103, 53)",2.53%
7,#879aaf,"(135, 154, 175)",2.44%
13,#818183,"(129, 129, 131)",2.39%
10,#6a6b6c,"(106, 107, 108)",2.27%
2,#52555a,"(82, 85, 90)",2.18%
20,#96644a,"(150, 100, 74)",2.12%
1,#d1c3aa,"(209, 195, 170)",1.95%
19,#2f3121,"(47, 49, 33)",1.89%
